{
  "config": {
    "docs": "docs/docs_gt",
    "queries": "queries.txt",
    "qrels": "qrels.txt",
    "model": "models\\models--intfloat--multilingual-e5-small\\snapshots\\614241f622f53c4eeff9890bdc4f31cfecc418b3",
    "methods": [
      "bm25",
      "semantic",
      "hybrid"
    ],
    "ks": [
      1,
      3,
      5,
      10
    ],
    "top_k": 1000,
    "binary_threshold": 1,
    "bm25_k1": 1.5,
    "bm25_b": 0.75,
    "rrf_k": 60
  },
  "n_queries": 18,
  "aggregated_trocr": {
    "bm25": {
      "r_prec": 0.46296296296296297,
      "map": 0.575178319622764,
      "mrr": 0.683641975308642,
      "p@1": 0.5555555555555556,
      "r@1": 0.3425925925925926,
      "f1@1": 0.3962962962962963,
      "p@3": 0.35185185185185186,
      "r@3": 0.5462962962962963,
      "f1@3": 0.3970899470899471,
      "p@5": 0.23333333333333334,
      "r@5": 0.5787037037037037,
      "f1@5": 0.31194885361552027,
      "p@10": 0.17222222222222222,
      "r@10": 0.8194444444444444,
      "f1@10": 0.27377252377252376,
      "ndcg@1": 0.5185185185185185,
      "ndcg@3": 0.5378231531259241,
      "ndcg@5": 0.5534471538363426,
      "ndcg@10": 0.6446579788138247
    },
    "semantic": {
      "r_prec": 0.44907407407407407,
      "map": 0.628325699506255,
      "mrr": 0.7518518518518519,
      "p@1": 0.6111111111111112,
      "r@1": 0.3425925925925926,
      "f1@1": 0.4148148148148148,
      "p@3": 0.4074074074074074,
      "r@3": 0.6435185185185185,
      "f1@3": 0.46296296296296297,
      "p@5": 0.2888888888888889,
      "r@5": 0.7453703703703703,
      "f1@5": 0.3939594356261023,
      "p@10": 0.2111111111111111,
      "r@10": 0.9629629629629629,
      "f1@10": 0.3339068339068339,
      "ndcg@1": 0.537037037037037,
      "ndcg@3": 0.6164386501858306,
      "ndcg@5": 0.6528029772878006,
      "ndcg@10": 0.7339402274492471
    },
    "hybrid": {
      "r_prec": 0.5509259259259259,
      "map": 0.6454109132213708,
      "mrr": 0.7888888888888889,
      "p@1": 0.6666666666666666,
      "r@1": 0.38425925925925924,
      "f1@1": 0.45555555555555555,
      "p@3": 0.3888888888888889,
      "r@3": 0.5925925925925926,
      "f1@3": 0.43783068783068785,
      "p@5": 0.3111111111111111,
      "r@5": 0.7546296296296297,
      "f1@5": 0.41468253968253965,
      "p@10": 0.19444444444444445,
      "r@10": 0.8935185185185185,
      "f1@10": 0.30745180745180745,
      "ndcg@1": 0.6296296296296297,
      "ndcg@3": 0.585876720577577,
      "ndcg@5": 0.6739728595059155,
      "ndcg@10": 0.7314142194537333
    }
  }
}